ID;strasse; standort_nr_untersuchung;projekt;gps_koordinaten_breite;gps_koordinaten_laenge;bundesland;strassentyp;anzahl_fahrspuren;dtv;art;hoehe;laenge_1;laenge_2;laenge_3;laenge_4;abstand_zu_strasse;beidseitige_hop_over;errichtungsjahr;jahr_der_fertigstellung;planunterlagen;monitoring_;ueberfuehrungsbauwerk;bezeichnung_bildschirmfoto;quelle;realisierung(bau) ;Bemerkungen;bereits_in_app_hochgeladen_stand_21.01.2022;
95;B51n;;B51n OU Belm;52.316478;8.136915;Niedersachsen;Bundesstraße;4;;Zaun;4.0;310.00;;;;;beidseitig;2019;2019;ja;ja;nein;;Autobahn GmbH, NLStBV;;unklar, ob Monitoring bereits durchgeführt;;
23;A4;;A4, Umbau AK Köln West;50.925827;6.845225;NRW;Autobahn;;sta;Zaun/Hecke;;;;;;;einseitig;;;ja;;;;AutobahnGmbH NL Rheinland;;einseitig entlang der Autobahn;;
31;A524/B8;;A524 /B8: Neubau B 8n  Ausbau B 288 / A 524;;;NRW;Autobahn;;;Zaun/Hecke;4.0;479.00;270.00;;;;beidseitig;2012;2012;ja;;;;AutobahnGmbH NL Rheinland;;Zäunung (Maschendraht), 7 Gehölzpflanzungen;;
21;A4;;A4, AS Düren u. AS Kerpen, Merzenich;50.851366;6.504610;NRW;Autobahn;6;;Zaun/Wand;4.5;620.00;;;;;beidseitig;2013;2013;ja;ja;nein;NRW_A4_Düren_Merzenich;AutobahnGmbH NL Rheinland, Internet;;Zaun/Wand an Straße, Heckenpflanzung im Mittelstreifen, Monitoring Markus Dietz, Unterführung auch vorhanden;;
22;A4;;A4, AS Düren u. AS Kerpen, Steinheide;50.881614;6.620727;NRW;Autobahn;6;;Zaun/Wand;4.5;340.00;;;;;beidseitig;2013;2013;ja;ja;nein;NRW_A4_Düren_Steinheide;AutobahnGmbH NL Rheinland, Internet;;beidseitig der Straße Wände, im Mittelstreifen Zaun, Monitoring Markus Dietz,  im Osten anschließen Zaun beidseitig (745m) bis Grünbrücke);;
10;A3;;A3 Spessart;;;Bayern;Autobahn;;;Wand;;;;;;;;;;;;Überführungsbauwerk;;AutobahnGmbH, NL Nordbayern;;Querschnitt RQ9,5 mit 6,50m Fahrbahnbreite;x;
9;A3;;"A3 AD.Würzburg West - AS.WÜ.Heidingsfeld
6-streifiger Ausbau";;;Bayern;Autobahn;;;Wand;3.0;100.00;;;;;beidseitig;2009;2009;ja;;Überführungsbauwerk;;AutobahnGmbH, NL Nordbayern;;"in Zusammenhang mit der Schaffung von Querungshilfen bzw. Optimierung vorhandener Querungshilfen für FM als ""Maßnahmen zur Schadensbegrenzung"" in der FFH-VP für das FFH-Gebiet ""Guttenberger und Irtenberger Wald"" beschrieben; ""je ca. 100 m lange dauerhafte Wände
(in Zusammenhang mit 2 Feldweg-UF'en und 3 Kleintierdurchlässen und einer Faunabrücke zur Schaffung sicherer Querungsmöglichkeiten für FM)""";;
33;A6;;"A6 Lgr.BW/By - AK.Feuchtwangen.Crailsheim
6-streifiger Ausbau";;;Bayern;Autobahn;;;Zaun;4.0;1000.00;;;;;;2021;2021;ja;;;;AutobahnGmbH, NL Nordbayern;fraglich;"Ersatzleitstrukturen zur Sicherung der Unterquerbarkeit der A6 durch Fledermäuse; Maschendrahtzaun, temporär während der Bauzeit und bis zur Funktionsfähigkeit der Heckenpflanzung    ";;
34;A6;;A6 Umbau AK Nürnberg Ost;;;Bayern;Autobahn;;;Zaun/Hecke;4.0;140.00;;;;;beidseitig;2019;2019;ja;;;;AutobahnGmbH, NL Nordbayern;;"Ersatzleitstruktur als Leiteinrichtung zur Verbesserung der Unterquerung der BAB über den Katzengrabendurchlass;  Baustahlgewebe mit zus. Geflecht und Windnetz bis zur Funktionsfähgkeit der Heckenpflanzung";;
5;A14;;A14 VKE 1.2 Wolmirstedt - Colbitz;;;Sachsen-Anhalt;Autobahn;;;Zaun;4.0;730.00;;;;;beidseitig;2016;2016;ja;;;;AutobahnGmbH, NL Ost;;;;
6;A14;;A14 VKE 1.3 Colbitz -Tangerhütte;;;Sachsen-Anhalt;Autobahn;;;Zaun;2.0;2600.00;;;;;einseitig/beidseitig;2020;2020;ja;;;;AutobahnGmbH, NL Ost;;;;
7;A17;;A17 Dresden - Prag, Bw 42 Ü;;;Sachsen;Autobahn;;;Zaun;;14.39;12.50;33.00;32.34;;einseitig;2016;2016;ja;;;;AutobahnGmbH, NL Ost;;mehrere Einträge, Planunterlagen DEGES;;
8;A17;;A17 Prag - Dresden, Bw40Ü;;;Sachsen;Autobahn;;;Zaun;;139.39;34.00;30.00;33.84;;einseitig;2016;2016;ja;;;;AutobahnGmbH, NL Ost;;mehrere Einträge, Planunterlagen DEGES;;
17;A38;;A38 Hannover - Göttingen, Bau-km  50+999,815 - 51+229,800;;;Thüringen;Autobahn;;;Zaun;;230.00;240.00;;;;beidseitig;2009;2009;ja;;;;AutobahnGmbH, NL Ost;;Planunterlagen DEGES;;A38 verläuft eigentlich zwischen Göttingen und Leipzig, nicht nach Hannover??
18;A38;;A38 Hannover - Göttingen, Bau-km  51+048,164 - 51+242,133;;;Thüringen;Autobahn;;;Zaun;;197.00;;;;;einseitig;2009;2009;ja;;;;AutobahnGmbH, NL Ost;;Planunterlagen DEGES;;A38 verläuft eigentlich zwischen Göttingen und Leipzig, nicht nach Hannover??
19;A38;;A38 Hannover - Göttingen, Bau-km 34+166 - 35+303,140;;;Thüringen;Autobahn;;;Zaun;;1140.00;;;;;beidseitig;2006;2006;ja;;;;AutobahnGmbH, NL Ost;;Planunterlagen DEGES;;
20;A38;;A38 Hannover - Göttingen, Bau-km 50+999,815 - 51+229,800;;;Thüringen;Autobahn;;;Zaun;;150.00;;;;;einseitig;2009;2009;ja;;;;AutobahnGmbH, NL Ost;;Planunterlagen DEGES;;A38 verläuft eigentlich zwischen Göttingen und Leipzig, nicht nach Hannover??
37;A71;;A71 Schweinfurt - Sangerhausen, Bw 710710;;;Thüringen;Autobahn;;;Zaun;;58.00;;;;;beidseitig;2013;2013;ja;;;;AutobahnGmbH, NL Ost;;Planunterlagen DEGES;;
38;A71;;A71 Schweinfurt - Sangerhausen, Bw 710750;;;Thüringen;Autobahn;;;Zaun;;124.00;;;;;beidseitig;2013;2013;ja;;;;AutobahnGmbH, NL Ost;;Planunterlagen DEGES;;
39;A72;;A72 Leipzig - Chemnitz Bw 35 Ü;;;Sachsen;Autobahn;;;Zaun;;;;;;;beidseitig;2013;2013;ja;;;;AutobahnGmbH, NL Ost;;mehrere Einträge, Planunterlagen DEGES;;
40;A72;;A72 Leipzig - Chemnitz, BW 30;;;Sachsen;Autobahn;;;Zaun;;156.00;155.00;;;;einseitig;2013;2013;ja;;;;AutobahnGmbH, NL Ost;;mehrere Einträge, Planunterlagen DEGES;;
41;A72;;A72 Leipzig - Chemnitz, Bw 31;;;Sachsen;Autobahn;;;Zaun;;68.00;104.00;68.00;101.79;;einseitig;2013;2013;ja;;;;AutobahnGmbH, NL Ost;;mehrere Einträge, Planunterlagen DEGES;;
42;A72;;A72 Leipzig - Chemnitz, Bw 32;;;Sachsen;Autobahn;;;Zaun;;107.00;;;;;einseitig;2013;2013;ja;;;;AutobahnGmbH, NL Ost;;mehrere Einträge, Planunterlagen DEGES;;
43;A72;;A72 Leipzig - Chemnitz, Bw24 Ü;;;Sachsen;Autobahn;;;Zaun;;107.27;100.50;;;;einseitig;2014;2014;ja;;;;AutobahnGmbH, NL Ost;;mehrere Einträge, Planunterlagen DEGES;;
44;A72;;A72 Leipzig - Chemnitz, Bw38;;;Sachsen;Autobahn;;;Zaun;;112.75;144.90;;;;einseitig;2010;2010;ja;;;;AutobahnGmbH, NL Ost;;mehrere Einträge, Planunterlagen DEGES;;
45;A72;;A72 Leipzig - Chemnitz, Bw42 Ü;;;Sachsen;Autobahn;;;Zaun;;56.00;943.00;48.00;974.00;;einseitig;2013;2013;ja;;;;AutobahnGmbH, NL Ost;;mehrere Einträge, Planunterlagen DEGES;;
11;A30;;A30, WS 02 bis WS 06 NU Bad Oeynhausen;;;NRW;Autobahn;;;Zaun;4.5;;;;;;;2010-2020;2020;ja;;;;AutobahnGmbH, NL Westfalen;;mehrere Einträge, Längen 140m,152,434m,75m nördl. bzw. südlich Autobahn;;
12;A33;;A33 Abs. 7.1 M/G 18.701 , 703, 704, 705, 901;52.067750;8.275361;NRW;Autobahn;;;Hecke;4.0;;;;;;beidseitig;2018;2018;ja;;;;AutobahnGmbH, NL Westfalen;;Hochstammpflanzung Leitstruktur, mehrere Grünbrücken?, Längen 100m bis 920m;;
13;A33;;A33 bei Bielefeld, Abs. 5b ;51.955083;8.504167;NRW;Autobahn;;;Wand;4.0;235.00;;;;;beidseitig;;;ja;;Gewässerunterführung;;AutobahnGmbH, NL Westfalen;;bauliche Überflughilfe;;
14;A33;;A33, Abs. 5b, bei Bielefeld;51.971389;8.485222;NRW;Autobahn;;;Wand;4.5;250.00;;;;;beidseitig;2015;2015;ja;;Gewässerunterführung;;AutobahnGmbH, NL Westfalen;;bauliche Überflughilfe;;
30;A448;;A448 Opelquerspange;51.462837;7.262323;NRW;Autobahn;;;Zaun;;990.00;;;;;beidseitig;2019/2020;2020;ja;;nein;;AutobahnGmbH, NL Westfalen;;Im Mittelstreifen und an beiden Seiten, 51.462837, 7.262323 bis 51.464000, 7.276391;;auch Weg unterführung dabei
25;A44;;A44 Abschnitt 10 (VKE 40.2), AS Ringgau bis AS Sontra-West;;;Hessen;Autobahn;4;;;;;;;;;;in Bau;?;;;;;HessenMobil;;;;
26;A44;;A44 Abschnitt 9 (VKE 40.1), AS Waldkappel bis AS Ringgau;;;Hessen;Autobahn;4;;;;;;;;;;2019;2019;;;;;HessenMobil;;;;
70;B252;;B252 OU Münchhausen / Wetter / Lahntal ;;;Hessen;Bundesstraße;2;;;;;;;;;;2019;2019;;;;;HessenMobil;;;;
71;B253;;B253 Sackpfeife (Bidenkopf Ludwigshütte);;;Hessen;Bundesstraße;3;;;;;;;;;;2016;2016;;;;;HessenMobil;;;;
75;B27;;B27 OU Eschwege / Eltmanns- und Niddawitzhausen;;;Hessen;Bundesstraße;2;;;;;;;;;;unbekannt;unbekannt;;;;;HessenMobil;;;;
87;B3a;;B3a Lückenschluss Niederweimar / Wolfshausen ;;;Hessen;Bundesstraße;4;;;;;;;;;;2009;2009;;;;;HessenMobil;;;;
90;B44;;B44 OU Klein-Rohrheim ;;;Hessen;Bundesstraße;2;;;;;;;;;;2020;2020;;;;;HessenMobil;;;;
119;K903;;K903 BÜ-Beseitigung Hasselroth / Niedermittlau ;;;Hessen;Kreisstraße;2;;Zaun/Hecke;;;;;;;;2016;2016;;;;;HessenMobil;;1 Zaun, da Bepflanzung nicht funktionierte;;
124;L3125;;L3125 OU Heskem;;;Hessen;Landesstraße;2;;;;;;;;;;2020;2020;;;;;HessenMobil;;;;
125;L3220;;L3220 OU Felsberg;;;Hessen;Landesstraße;2;;;;;;;;;;2020;2020;;;;;HessenMobil;;3 Hop-Over-Stellen;;
126;L3351/K246;;L3351/K246 OU Karben / Groß-Karben ;;;Hessen;Landesstraße;2;;;;;;;;;;2016;2016;;;;;HessenMobil;;;;
16;A38;;A38 AS Friedland - AS Leinefelde-Worbis;51.394510;10.295665;Thüringen;Autobahn;4;;Zaun;4.0;1200.00;;;;;beidseitig;;;;;nein;Thüringen_A38_Leinefelde-Worbis;Internet;;zwei Unterführungen entlang der Strecke;x;
27;A44;;A44 Hessisch-Lichtenau -Waldkappel;51.162210;9.849857;Hessen;Autobahn;4;;;;;;;;;;;;;;Überführungsbauwerk;Hessen_A44_Waldkappel_JakobRope;Internet;;nähere Infos? Koordinaten nicht genau, Unterführungen/Grünbrücke;x;
29;A448;;A448 Bochum-Witten - Bochum-Altenbochum;51.464012;7.267674;NRW;Autobahn;4;;Zaun;4.0;985.00;;;;;beidseitig;;;;;nein;NRW_A448_Bochum_Altenbochum;Internet;;Teilbereich schon gebaut, anderer Abschnitt wird noch gebaut, Südseite evtl. Wand, Mittelstreifen Zaun;x;
32;A57;;A57 AK Meerbusch;;;NRW;Autobahn;6;;Zaun;;;;;;;;;;;;nein;;Internet;fraglich;;x;
35;A66;;A66 Riederwaldtunnel;;;Hessen;Autobahn;;;Wand;;;;;;;;;;;;nein;;Internet;fraglich;Bauzeitlich Hecken;x;
36;A7;;A7 Schnelsen-Bordesholm (Hamburg);;;Schleswig-Holstein;Autobahn;6;;;;500.00;;;;;;;;;;;;Internet;;insg. 9 Überflughilfen (500m), genaue Infos fehlen, evtl. an Brückenbauwerken;x;
46;A92;;A92 AD München-Feldmoching - B471, BW 3/2n;48.252611;11.529642;Bayern;Bundesstraße;;;Wand;;;;;;;beidseitig;;;;;Gewässerunterführung;Bayern_A92_UnterführungSchwebelbach;Internet;;Unterführung Schwebelbach;x;
47;A92;;A92 AD München-Feldmoching-AK Neufahrn. BW1/1M;48.235931;11.539261;Bayern;Autobahn;;;Wand;;;;;;;beidseitig;;;;;Gewässerunterführung;Bayern_A92_UnterführungWürmkanal;Internet;;Unterführung Würmkanal;x;
48;A92;;A92 AD München-Feldmoching-AK Neufahrn. BW3/4s Schleißheimer Kanal;48.252118;11.530929;Bayern;Autobahn;;;Wand;;;;;;;beidseitig;;;;;Gewässerunterführung;Bayern_A92_UnterführungSchleißheimerKanal;Internet;;Unterführung Schleißheimer Kanal;x;
49;A94;;A94 Dorfen-Heldenstein;48.257600;12.191252;Bayern;Autobahn;6;;;;;;;;;beidseitig;;;;ja;nein;Bayern_A94_Dorfen_Heldenstein;Internet;;Nähere Infos von Fr. Hermes folgen, Irritationsschutz auf Bauwerken, Sperr- und Leiteinrichtungen entlang Trasse;x;
50;A94;;A94 Kirchham-Pocking ;;;Bayern;Autobahn;;;;;;;;;;;;;;;;;Internet;ausstehend;noch nicht gebaut;x;
51;A99;;A99 AK München Nord bis AS Haar;48.191383;11.700056;Bayern;Autobahn;8;;Wand;;650.00;;;;;beidseitig;;;;;nein;Bayern_A99_Aschheim;Internet;;Koordinaten ungenau, bereits Untersuchungen durchgeführt, nähere Infos von Fr. Hermes folgen, wir gefunden: Wande entlang der östlichen Umgehungsstraße (parallel zu A99);x;
53;B12;;B12 Freyung-Ort;48.808284;13.523885;Bayern;Bundesstraße;2;;Zaun/Hecke;;245.00;;;;;einseitig;;;ja;;nein;Bayern_B12_Freyung;Internet;;Hecken, temporärer Zaun, mit Unterführung;x;
56;B16;;B16 OU Höchstädt;;;Bayern;Bundesstraße;;;Wand;4.0;;;;;;;;;ja;;Gewässerunterführung;;Internet;fraglich;noch nicht gebaut?, Pulverbach & Klosterbach;x;
76;B279;;B279 OU Wegfurt;50.393502;10.092399;Bayern;Bundesstraße;3;;;;60.00;;;;;beidseitig;;;;;Gewässerunterführung;Bayern_B279_OUWegfurt;Internet;;Weisbach, auf einer Länge von 60 Metern auf beiden Seiten der Brücke über den Weisbach eine Überflughilfe für Fledermäuse ;x;
85;B31;;B31 Friedrichshafen-Fischbach-West ;47.670631;9.455984;Baden-Württemberg;Bundesstraße;;;;;;;;;;;;;;;;;Internet;;DEGES?, Koordinaten nicht genau;x;
88;B4;;B4 OU Rötgesbüttel und Meine;;;Niedersachsen;Bundesstraße;;;;;;;;;;;;;;;;;Internet;fraglich;noch nicht gebaut?;x;
102;B65;;B65 bei Kobbensen;52.335583;9.273328;Niedersachsen;Bundesstraße;2;;Zaun;;120.00;;;;;beidseitig;;;;;nein;Niedersachsen_B65_Kobbensen;Internet;;Brücke über Bundesstraße (Flurweg wird übergeführt);x;
111;B87;;B87 OU Bad Kösen;;;Sachsen-Anhalt;Bundesstraße;;;;;;;;;;;;;;;Überführungsbauwerk;;Internet;fraglich;noch nicht gebaut?, 7 Überflughilfen an Brückenbauwerken;x;
114;B91;;B91 OU Theißen (DEGES);;;Sachsen-Anhalt;Bundesstraße;;;;;;;;;;;;;;;;;Internet;;;x;
116;B96;;B96 OU Teschendorf-Löwenberg (Hoppenrader Weg);;;Brandenburg;Bundesstraße;;;Wand/Hecke;4.0;75.00;;;;;beidseitig;;;;;;;Internet;fraglich;schon gebaut? Hoppenrader Weg und Verlängerte Jahnstraße und Triftweg;;
117;B96;;B96 OU Teschendorf-Löwenberg (Triftweg);;;Brandenburg;Bundesstraße;;Wand/Hecke;Wand;4.0;220.00;;;;;beidseitig;;;;;Überführungsbauwerk;;Internet;fraglich;"Beidseitige Leit- und Sperrwände (4m) auf dem Bauwerk, östlich 50m, westlich bis zum Feldweg ""Birkenweg"" (ca. 170m) und + 50m,schon gebaut? Hoppenrader Weg und Verlängerte Jahnstraße und Triftweg";;
118;B96;;B96 OU Teschendorf-Löwenberg (Verlängerte Jahnstraße);;;Brandenburg;Bundesstraße;;Wand/Hecke;Wand/Hecke;4.0;75.00;;;;;beidseitig;;;;;;;Internet;fraglich;schon gebaut? Hoppenrader Weg und Verlängerte Jahnstraße und Triftweg;;
137;ST2020;;St2020 OU Holzgünz;;;Bayern;Staatsstraße;;;Zaun;4.0;;;;;;;;;;;;;Internet;;Querschnitt RQ9,5 mit 6,50m Fahrbahnbreite, 4,0m hohe Zäune dienen solange als Überflughilfe für Waldohreule und Fledermaus, bis die gepflanzten Bäume die hierfür erforderliche Größe haben;x;
138;ST2068;;St2068 Umfahrung Weßling;48.072152;11.228175;Bayern;Staatsstraße;2;;Zaun;;42.00;;;;;beidseitig;;;;;nein;Bayern_St2068_OU_Wessling;Internet;;evtl. weitere Stellen mit Überflughilfen, Infos fehlen;x;
139;ST2083;;St2083 OU Vilshofen zwischen Alling (St 2083) und Witzling (B 8) - Bauwerk 4;48.621344;13.194610;Bayern;Staatsstraße;2;;Wand;4.0;57.00;;;;;beidseitig;;;ja;ja;Überführungsbauwerk;Bayern_Vilshofen_Alling-Witzling_BW4;Internet;;"teilweise noch nicht fertiggestellt; Brücke über Eisenbahntrasse, weitere noch nicht gebaut (u.a. Einhausung)";x;
140;ST2172;;St2172 OU Plößberg;49.790317;12.303481;Bayern;Staatsstraße;;;;;;;;;;;;;;;;;Internet;fraglich;noch im Bau?, Wall;x;
143;ST2294;;St2294 Westumfahrung Rimpar;;;Bayern;Staatsstraße;;;Hecke;4.0;;;;;;;;;;;Gewässerunterführung;;Internet;;;x;
144;ST2315;;St2315 OU Hafenlohr;;;Bayern;Staatsstraße;;;;;;;;;;;;;;;nein;;Internet;fraglich;schon gebaut?;x;
55;B16;A;B16 Dillingen (Querung Egau);48.598611;10.467500;Bayern;Bundesstraße;;;Wand/Hecke;;260.00;;;;;beidseitig;;;ja;;Gewässerunterführung;Bayern_B16_OU_Dillingen;Internet, StBA Bayern;;Gewässerquerung und Zaun darüber hinaus, 3-4m;x;
58;B178;;B178 FSW 3.2-10 und FSW 3.2-11 bei Obercrunnersdorf;51.034608;14.687886;Sachsen;Bundesstraße;3;;Wand;;78.00;;;;;beidseitig;;;;;;Sachsen_NLBZ_5054618;LASuV Sachsen;;ehemalige Bahntrasse Durchlass?;x;
59;B178;;B178 FSW 3.2-16 und FSW 3.2-17 bei Ninive;50.994032;14.711259;Sachsen;Bundesstraße;3;;Wand;;90.00;;;;;beidseitig;;;;;;Sachsen_NLBZ_5054684;LASuV Sachsen;;ehemalige Bahntrasse Durchlass?;x;
60;B178;;B178 FSW 3.2-22 und 3.2-23 bei Ruppersdorf;51.005213;14.684267;Sachsen;Bundesstraße;3;;Zaun;;800.00;;;;;beidseitig;;;;;nein;Sachsen_NLBZ_4954664;LASuV Sachsen;;im Anschluss sind Brückenbauwerke (Zäune zwischen Brücken);x;
61;B178;;B178 ISW 3.2-12 und 3.2-13 bei Ruppersdorf;51.011701;14.684921;Sachsen;Bundesstraße;3;;Wand;;;;;;;beidseitig;;;;;Überführungsbauwerk;Sachsen_NLBZ_4954620;LASuV Sachsen;;Petersbach;x;
62;B178;;B178 ISW 3.2-18 und 3.2-19 bei Ruppersdorf;51.003915;14.684414;Sachsen;Bundesstraße;3;;Wand;;;;;;;beidseitig;;;;;Überführungsbauwerk;Sachsen_NLBZ_4954622;LASuV Sachsen;;;x;
112;B87;;B87 Torgau Bw 1 und 2 F ;51.550989;12.964769;Sachsen;Bundesstraße;2;;Wand;3.8;40.00;;;;;beidseitig;2014;2014;ja;nein;Gewässerunterführung;Sachsen_NLL_4443535;LASuV Sachsen;;Gewässer-Rohrdurchlass;x;
113;B87;;B87 Torgau Bw 38 - Überflughilfe Süd und Nord;51.551552;12.967337;Sachsen;Bundesstraße;2;;Zaun;;;;;;;beidseitig;;;;;Überführungsbauwerk;Sachsen_NLL_4443501;LASuV Sachsen;;Bahntrasse;x;
131;S177;;S 177 ISW 1 und ISW 2 bei Radeberg;51.119404;13.932772;Sachsen;Staatsstraße;3;;Zaun;;;;;;;beidseitig;;;;;Überführungsbauwerk;Sachsen_NLBZ_4849761;LASuV Sachsen;;Große Röder & Straße;x;
132;S242;;S 242 Bw 1 und 2 F Störmthal;51.243429;12.488191;Sachsen;Staatsstraße;2;;Zaun;;;;;;;beidseitig;;;;;Gewässerunterführung;Sachsen_NLL_4740658;LASuV Sachsen;;Schlumperbach;x;
134;S241;;S241 Niederfrohna;50.901983;12.717230;Sachsen;Staatsstraße;2;;Wand;;;;;;;beidseitig;;;;;Gewässerunterführung;Sachsen_NLPL_5042722;LASuV Sachsen;;Frohnbach, Kollisionsschutzwände auf Frohnbachtalbrücke;x;
133;S170n;;S170n Friedrichswalde-Ottendorf (0010/30/40 Ü);50.899677;13.918049;Sachsen;Staatsstraße;2;;Zaun;4.0;;;;;;beidseitig;;;;;nein;Sachsen_S170_Friedrichswalde;LASuV Sachsen/Internet;;Leiteinrichtung zu Unterführungen/Grünbrücken (Hufeisennase-Projekt), Internet (DEGES);x;
24;A42;;A42 - Entwässerungssanierung Wanne Polder Nord;;;NRW;Autobahn;;;;4.0;20.00;;;;;einseitig;2017;2017;ja;;;;LB Straßenbau NRW;;temporäre Netze, später dichte Baumreihe und/oder Hecke, ca. 2017 gebaut;;
28;A44/A448;;A44/A448 Neubau der A 44 - Querspange;;;NRW;Autobahn;;;Zaun/Hecke;4.0;2000.00;;;;;beidseitig;< 2016;2016;ja;;;;LB Straßenbau NRW;;Seiten- u. Mittelstreifen, temporäre und dauerhafte Zäune, Maschenweite 2,5 cm, sollen teilweise später durch Heckenpflanzungen ersetzt werden ;;
65;B221n;;B221n OU Wassenberg;51.087619;6.172494;NRW;Bundesstraße;;;Wand;4.0;345.00;50.00;;;;beidseitig;2016-2018;2018;ja;;;;LB Straßenbau NRW;;;;Gewässer unter Straße?
66;B221n;;B221n OU Wassenberg;;;NRW;Bundesstraße;;;Hecke;2.0;350.00;;;;;beidseitig;2016-2018;2018;ja;;;;LB Straßenbau NRW;;Wall mit dichter Bepflanung;;
67;B238;;B238, Neubau der OU Langenholzhausen;52.153212;8.966098;NRW;Bundesstraße;;;Zaun;4.0;80.00;;;;;beidseitig;2010;2010;ja;;Gewässerunterführung;;LB Straßenbau NRW;;Zäunung (Ballfangzaun), 2 x 80 m;;
96;B525;;B525 OU Nottuln, 03-0011;51.935964;7.349624;NRW;Bundesstraße;;;Hecke;;100.00;;;;;beidseitig;2018;2018;ja;;nein;;LB Straßenbau NRW;;und Übergang in Leitstruktur, insg. 350 m), AN 19,1 Station 0+810 - 0+910, S 5, 3-reihige Bepflanzung im oberen Böschungsbereich einer Einschnittlage mit großen Gehölzen;;
97;B525;;B525 OU Nottuln, 03-0011;;;NRW;Bundesstraße;;;Hecke;;60.00;;;;;beidseitig;2018;2018;ja;;;;LB Straßenbau NRW;;(+ Übergang Leitstruktur insg. 200 m), AN 21,2 Station 0+180 - 0+380 , S 7 kleine Verwallung mit 3-reihiger Heckenpflanzung und Hochstämmen;;
98;B525;;B525 OU Nottuln, 03-0011;;;NRW;Bundesstraße;;;Hecke;;;;;;;beidseitig;2018;2018;ja;;;;LB Straßenbau NRW;;insg. 280 m in Kombination mit Leitstruktur, AN 21,2 Station 0+520 - 0+800, S 8 kleine Verwallung mit 3-reihiger Heckenpflanzung und Hochstämmen;;
99;B56n;;B56n D-/NL-Grenze bis L 410;51.031504;5.876759;NRW;Bundesstraße;;;Zaun;4.0;72.20;;;;;beidseitig;2008;2008;ja;;Überführungsbauwerk;;LB Straßenbau NRW;;Stahlzaun blickdicht;;
100;B58n;;B58n OU Wesel/Büderich - Abschnitt Büderich;51.631659;6.562800;NRW;Bundesstraße;;;Zaun;4.0;25.00;;;;;beidseitig;2013;2013;ja;;Überführungsbauwerk;;LB Straßenbau NRW;;Doppelstabmatten auf Brücken-BW (Breite Wardtley), 2 x 25 m;;
101;B58n;;B58n OU Wesel/Büderich - Abschnitt Büderich;51.637872;6.572421;NRW;Bundesstraße;;;Zaun/Hecke;4.0;2500.00;;;;;einseitig/beidseitig;2013-2014;2014;ja;;nein;;LB Straßenbau NRW;;Einreihige Baumpflanzungen (Säulenformen) und abschnittsweise Zaunelemente (Maschdraht), mind. 4 m hoch, min. 2.500 m Länge;;
105;B70;;B70 OU Wettringen, 07-0499;;;NRW;Bundesstraße;;;Hecke;5.0;30.00;;;;;beidseitig;2014;2014;ja;;;;LB Straßenbau NRW;;AN 42,6 Station0+100  -0+130, beidseitig,S 2.3 Pflanzung von Großsträuchern, 5m über Fahrbahn;;
106;B70;;B70 OU Wettringen, 07-0499;;;NRW;Bundesstraße;;;Zaun;5.0;45.00;;;;;einseitig;2014;2014;ja;;;;LB Straßenbau NRW;;AN 42,6 Station 2+790 - 2+835 links, S 2.11 (neu) Zaun auf Wall, 5m über Fahrbahn;;
107;B70;;B70 OU Wettringen, 07-0499;;;NRW;Bundesstraße;;;Zaun/Hecke;5.0;43.00;;;;;einseitig;2014;2014;ja;;;;LB Straßenbau NRW;;AN 42,6 Station 2+790 - 2+830 rechts, S 2.12 (neu) 1-3-reihige Hecke mit vorrübergehend Zaun auf Wall, 5m über Fahrbahn;;
127;L480n;;L480n BÜ-Beseitigung in Hamminkeln-Diersfordt;51.711846;6.572800;NRW;Landesstraße;;;;4.0;110.00;;;;;beidseitig;2018;2018;ja;;Überführungsbauwerk;;LB Straßenbau NRW;;"Kombination aus Doppelstabmatten und Plexiglas, 2 x 110 m
auf Brücken-BW (DB)";;
128;L585;;L585 OU Wolbeck, 07-0300;;;NRW;Landesstraße;;;Hecke;4.0;260.00;170.00;;;;beidseitig;2014;2014;ja;;;;LB Straßenbau NRW;;S 16.1, Hecke + Baumreihe, ≥ 4 m;;
129;L585;;L585 OU Wolbeck, 07-0300;;;NRW;Landesstraße;;;Hecke;4.0;92.00;82.00;;;;beidseitig;2014;2014;ja;;;;LB Straßenbau NRW;;S 16.2, Hecke, ≥ 4 m ;;
130;L585;;L585 OU Wolbeck, 07-0300;;;NRW;Landesstraße;;;Hecke;4.0;230.00;300.00;;;;beidseitig;2014;2014;ja;;;;LB Straßenbau NRW;;S 16.3, Hecke, ≥ 4 m;;
1;A14;;A14 AS Groß Warnow-AS Karstädt;;;Brandenburg;Autobahn;2;;;;;;;;;;2015;2015;;;Überführungsbauwerk;;LB Straßenwesen Brandenburg;;Faunaunterführung;;
3;A14;;A14 Garlin;;;Brandenburg;Autobahn;;;Zaun;;;;;;;beidseitig;;;;;;;LB Straßenwesen Brandenburg;;viele einzelne Einträge;;
4;A14;;A14 Karstädt;;;Brandenburg;Autobahn;;;Wand;;;;;;;beidseitig;;;ja;;;;LB Straßenwesen Brandenburg;fraglich;KollisionSchutzwand;;
52;B101;;B101 Trebbin Nord/Kerzendorf Süd (OU Thyrow);52.255632;13.229512;Brandenburg;Bundesstraße;2;;;;;;;;;;2020;2020;;;Überführungsbauwerk;;LB Straßenwesen Brandenburg;;Faunaunterführung;;
115;B96;;B96 Massen-Niederlausitz/Elbe-Elster;;;Brandenburg;Bundesstraße;2;;;;;;;;;beidseitig;;;;;;;LB Straßenwesen Brandenburg;;Überfflughilfe/Kollisionsschutz;;
72;B256;;B256 OU Rengsdorf (Westerwald);50.503561;7.479364;Rheinland-Pfalz;Bundesstraße;3;;Hecke;;;;;;;einseitig;;;;;nein;Rheinland_Pfalz_B256_OU Rengsdorf;Lbm RLP;;Überflughilfe aus Säuleneichen/-hainbuchen;x;
94;B50;;B50 Hochmoselbrücke - Longkamp (Hunsrück);49.915123;7.103359;Rheinland-Pfalz;Bundesstraße;2;;Zaun;;1000.00;;;;;beidseitig;;;;;nein;Rheinland_Pfalz_B50_Longkamp;Lbm RLP;;Kombination Erdwall und Wildkatzenzaun, 2m Erdwall, 2m Wildkatzenzaun, einige Grünbrücken/Durchlässe;x;
2;A14;;A14 Colbitz - Dolle ;52.404368;11.638138;Sachsen-Anhalt;Autobahn;;;Zaun;;;;;;;beidseitig;;;;;nein;SachsenAnhalt_A14_Colbitz-Dolle;Lsbb Sachsen-Anhalt;fraglich;Fledermauskollisionsschutzzäunen, Autobahn noch im Bau?, ggf. nähere Infos zu Standort noch erfragen;x;
104;B6n;;B6n, OU Bernburg (westlich von der Flutbrücke über die Saale);51.808851;11.767786;Sachsen-Anhalt;Bundesstraße;3;;Zaun/Hecke;2.0;230.00;;;;;einseitig;;;ja;;nein;SachsenAnhalt_B6n_OUBernburg;Lsbb Sachsen-Anhalt;;temporärer Maschenddrahtzaun (2m Höhe) bis Gehölze Funktion übernehmen;x;
108;B79;;B79 OU Halberstadt/Harsleben, BW 02A Brücke Hammelsbergtrift;51.863529;11.088574;Sachsen-Anhalt;Bundesstraße;;;Wand;;;;;;;;;;ja;;Überführungsbauwerk;SachsenAnhalt_B79_OUHalberstadtHarsleben_BW02;Lsbb Sachsen-Anhalt;fraglich;Brücke Reitweg & Graben, noch im Bau?;x;
109;B79;;B79 OU Halberstadt/Harsleben, BW04A Brücke Goldbach;51.872058;11.085389;Sachsen-Anhalt;Bundesstraße;;;Wand;;;;;;;;;;ja;;Gewässerunterführung;SachsenAnhalt_B79_OUHalberstadtHarsleben_BW04;Lsbb Sachsen-Anhalt;fraglich;Gewässer, noch im Bau?;x;
110;B79;;B79 OU Halberstadt/Harsleben, BW06A Brücke Sauteichgraben;51.879592;11.090909;Sachsen-Anhalt;Bundesstraße;;;Wand;;;;;;;;;;ja;;Gewässerunterführung;SachsenAnhalt_B79_OUHalberstadtHarsleben_BW06;Lsbb Sachsen-Anhalt;fraglich;Gewässer, noch im Bau?;x;
15;A33/B51n;;"A33/B51n - Neubau von Osnabrück/Schinkel bis 
Osnabrück/ Belm (B51n)";52.316335;8.136767;Niedersachsen;Bundesstraße;;;Wand;4.0;310.00;;;;;beidseitig;2019;2019;ja;;nein;;NLStBV Niedersachsen;;;;
68;B243;;B243 VKE 3;51.565599;10.523145;Niedersachsen;Bundesstraße;;;Wand;4.3;1560.00;;;;;beidseitig;2020;2020;ja;;;;NLStBV Niedersachsen;;;;Überführungsbauwerk?
89;B403;;B403 Nordumgehung Nordhorn mit Verlegung der B213;52.457902;7.076695;Niedersachsen;Bundesstraße;;;Zaun;4.0;160.00;;;;;beidseitig;2018/2019;2019;ja;;Gewässerunterführung;;NLStBV Niedersachsen;;;;
103;B65;;"B65 Vornhagen-Kobbensen
Ausbau 2+1";52.335555;9.273630;Niedersachsen;Bundesstraße;;;Wand;4.5;;;;;;beidseitig;2017;2017;ja;;Überführungsbauwerk;;NLStBV Niedersachsen;;min. 50 m westl. und östlich der Brücke;;
123;L131;;L131 Ortsumgehung Elsdorf;;;Niedersachsen;Landesstraße;;;;;80.00;;;;;beidseitig;;;ja;;nein;;NLStBV Niedersachsen;;Baumpflanzung;;
54;B15;;B15 Westtangente Rosenheim BA1 (Ängergraben);47.826318;12.075308;Bayern;Bundesstraße;2;;;;;;;;;;;;ja;;Überführungsbauwerk;;StBA Bayern;;Engergraben/Ängersbach;;
57;B173;;B173, Kronach - Hof, Ortsumgehung Zeyern ;50.266903;11.402782;Bayern;Bundesstraße;;;Hecke;4.0;800.00;;;;;beidseitig;2019/2020/2021;2021;ja;;;Bayern_B173_OU_Zeyern;StBA Bayern;;"Pflanzung, Aluminiumkassetten, Plexiglaswände; bauliches: überwiegende 4 m Höhe, bauliches 2019/2020; Pflanzung: 2021";;evtl. falsche Koordinaten! (momentan Koordinaten Gewässerunterführung)
64;B20;;B20 Umbau der Kreuzung mit der DGF 3;48.690390;12.674500;Bayern;Bundesstraße;2;;Wand/Hecke;4.0;230.00;;;;;beidseitig;2017;2017;ja;;Gewässerunterführung;Bayern_B20_Kreuzung_DGF3;StBA Bayern;;Kollisons- bzw. Spritzsschutzwände, Hainbuchenhecke;;
69;B25;C;B25 OU Wallerstein;48.874133;10.454502;Bayern;Bundesstraße;2;;Zaun;4.0;100.00;;;;;beidseitig;2015;2015;ja;;nein;Bayern_B25_OU_Wallenstein_Ehringen;StBA Bayern;;Zäunung (Maschendraht), Offenland mit Heckenstrukturen;;
135;ST2143;;St 2143 Landshut - Rottenburg, Ortsumgehung Weihenstephan;48.625950;12.119530;Bayern;Staatsstraße;;;Wand/Hecke;2.0;65.00;;;;;beidseitig;2013;2013;ja;;Gewässerunterführung;Bayern_St2143_Landshut_Rottenburg_OU_Weihenstephan;StBA Bayern;;Schutzwand, Hecke, Bach (Freimöslbach);;
136;ST2335;;St 2335 OU Lenting-Kösching;48.799735;11.492513;Bayern;Staatsstraße;;;Wand/Hecke;4.0;;;;;;beidseitig;2012;2012;ja;;Gewässerunterführung;;StBA Bayern;;Wand + Pflanzung, Brücke über den Köschinger Bach;;
141;ST2252;;St2252 OU Eschenbach;49.485028;10.676410;Bayern;Staatsstraße;;;Zaun;4.0;80.00;;;;;beidseitig;2020;2020;ja;;nein;;StBA Bayern;;Zaun/ Maschendraht, im Luftbild noch nicht gebaut, Verkehrsfreigabe 2020;;
142;ST2253;B;St2253 OU Rüdisbronn;49.568778;10.427193;Bayern;Staatsstraße;2;;Zaun;4.0;200.00;;;;;beidseitig;2017;2017;ja;;nein;Bayern_St2253_OU_Ruedisbronn;StBA Bayern;;Zaun/ Maschendraht;;
120;L1014;;L1014 OU Haynrode;;;Thüringen;Landesstraße;;;Zaun;4.5;100.00;;;;;beidseitig;2019;2019;ja;;nein;;TLBV (Thüringen);;Metallgitterzaun, Monitoring notwendig;;
73;B27;;B27 Donaueschingen-Hüfingen;47.942562;8.518887;Baden-Württemberg;Bundesstraße;;;Wand;2.0;95.00;;;;;beidseitig;2020/21;2021;ja;;Überführungsbauwerk;;VM BWL Ba-Wue;;Irritationsschutzwand (Holz) auf Brücke (Eisenbahn);x;Brücke über Bahnlinie, eher leitstruktur vom, Aufbau –Ungeeignet
74;B27;;B27 Donaueschingen-Hüfingen;47.951336;8.521331;Baden-Württemberg;Bundesstraße;;;Wand;2.0;150.00;;;;;beidseitig;2020;2020;ja;;Gewässerunterführung;;VM BWL Ba-Wue;;Irritationsschutzwand (Holz) auf Brücke (Donau);x;Brücke über die Donau
80;B29;;B29 OU Mögglingen (Remstal);48.812642;9.960281;Baden-Württemberg;Bundesstraße;;;Hecke;3.5;280.00;;;;;einseitig;2019;2019;ja;;nein;;VM BWL Ba-Wue;;Leitlinie Hochstämme;x;Wenn Koordinaten richtig liegen ist diese Struktur entlang einen Feldweg –> ungeeignet
81;B29;;B29 OU Mögglingen (Remstal);48.819320;9.942426;Baden-Württemberg;Bundesstraße;;;Hecke;3.5;300.00;;;;;einseitig;2019;2019;ja;;nein;;VM BWL Ba-Wue;;Leitlinie Hochstämme, Hinleitung zur Gewässerunterführung Sulzbach?;x;Nicht im Luftbild Sichtbar, ausserdem einseitig :(
82;B29;;B29 OU Mögglingen (Remstal);48.820939;9.982332;Baden-Württemberg;Bundesstraße;5;;Zaun;4.0;115.00;;;;;beidseitig;2017;2017;ja;;Gewässerunterführung;;VM BWL Ba-Wue;;Membransegel, Gewässer Rems;x;Strukturen entlang einer Brücke
83;B294;;B294 OU Winden;48.140784;8.025647;Baden-Württemberg;Bundesstraße;;;Hecke;;;;;;;beidseitig;2020/21;2021;ja;ja;;;VM BWL Ba-Wue;;Gehölzpflanzungen an 4 Standorten, 4-6m;x;KA, nicht Sichtbar auf dem Luftbild
84;B30;;B30 Ravensburg Süd - Eschach (BA VI);47.738022;9.579383;Baden-Württemberg;Bundesstraße;;;Wand;4.0;;;;;;beidseitig;2016;2016;ja;;Gewässerunterführung;;VM BWL Ba-Wue;;Wand oben mit Drahtgeflecht, Schwarzach, 4m 2m;x;Sieht Vielversprechend aus, über Wasser aber Struktur quert bewaldete Gewässer Korridor insegamst 60m lang vom Luftbild
86;B313;;B313 AS Köngen-AS Wernau;;;Baden-Württemberg;Bundesstraße;;;;;710.00;;;;;einseitig;2011;2011;ja;;;;VM BWL Ba-Wue;;Steilwall;x;
91;B464;;B464 Sindelfingen - Renningen;48.732790;8.950915;Baden-Württemberg;Bundesstraße;;;Wand;4.0;22.00;;;;;beidseitig;2010;2010;ja;ja;Überführungsbauwerk;;VM BWL Ba-Wue;;Wegunterführung;x;Brücke, Struktur eher zu kurz 60m im Luftbild
92;B464;;B464 Sindelfingen - Renningen;48.738968;8.948746;Baden-Württemberg;Bundesstraße;;;Wand;4.0;22.00;;;;;beidseitig;2010;2010;ja;ja;Überführungsbauwerk;;VM BWL Ba-Wue;;Wegunterführung;x;Entlang eine Brücke, Struktur aber 80m lang im Luftbild
93;B464;;B464 Sindelfingen - Renningen;;;Baden-Württemberg;Bundesstraße;;;Hecke;;;;;;;beidseitig;2009;2009;ja;ja;;;VM BWL Ba-Wue;;Baumreihen mit Laub- und Obstbäumen durch Umwandlung von Ackerland, ab 2009, als CEF;x;
121;L114/L116;;L114/116 OU Bötzingen-Eichstetten;48.069297;7.741028;Baden-Württemberg;Landesstraße;2;;Zaun;4.0;50.00;;;;;beidseitig;2019;2019;;ja;nein;;VM BWL Ba-Wue;;Stahlnetz (Maschengeflecht);x;Offenland aber zaun 200m lang, hecke hinter und auf eine Seite vor dem Zaun?! Vergleichbarkeit?
122;L114/L116;;L114/116 OU Bötzingen-Eichstetten;48.069297;7.741028;Baden-Württemberg;Landesstraße;2;;Hecke;6.0;300.00;;;;;beidseitig;2018;2018;;ja;nein;;VM BWL Ba-Wue;;Gehölzpflanzungen an 4 Standorten;x;
63;B19;;B19 Künzelsau Gaisbach;49.250000;9.682556;Baden-Württemberg;Bundesstraße;2;;Hecke;5.0;150.00;;;;;beidseitig;2009;2009;nein;;nein;BaWu_B19_OU Gaisbach;VM BWL Ba-Wue, Internet;;kleiner Rohrdurchlass, Hochstämme/ Stammbüsche (Acer platanoides), noch keine Ausführungsplanung vorhanden;x;Ungeeignet, so viel Platz ziwschen den Bäumen
77;B28;;B28 Rottenburg - Tübingen bei Bühl;48.485253;8.992819;Baden-Württemberg;Bundesstraße;;;Wand;;140.00;;;;;beidseitig;2021;2021;;;Überführungsbauwerk;;VM BWL Ba-Wue, Internet;ausstehend;Herstellung im 2. Halbjahr 2021, Wand z.T. oben mit Drahtgeflecht, Herbst 2021;x;Nicht im Luftbild Sichtbar
78;B28;;B28 Rottenburg - Tübingen bei Kiebingen;48.478953;8.972061;Baden-Württemberg;Bundesstraße;;;Wand;;120.00;;;;;beidseitig;2021;2021;;;Überführungsbauwerk;;VM BWL Ba-Wue, Internet;ausstehend;Herstellung im 2. Halbjahr 2021, Wand z.T. oben mit Drahtgeflecht, Herbst 2021;x;Nicht im Luftbild Sichtbar
79;B28;;B28 Rottenburg - Tübingen Bühlertalbach;48.486178;8.996333;Baden-Württemberg;Bundesstraße;;;Wand;4.0;200.00;;;;;beidseitig;2021;2021;ja;;Gewässerunterführung;;VM BWL Ba-Wue, Internet;ausstehend;Herstellung im 2. Halbjahr 2021, Wand z.T. oben mit Drahtgeflecht, Alter Neckar, 4 m - 4,5, Herbst 2021;x;Nicht im Luftbild Sichtbar
